{"t1": [64.03716426288729, 74.4954291781125, 84.17374552883666, 91.72910271329503, 95.3804959841126, 97.95325160715403, 96.26423626103697, 88.97239834448425, 78.81229863387236, 67.13543945699672, 53.72218931513944, 38.20373113427326, 12.52538013170068], "t2": [-69.74775325781233, -83.3241877232619, -95.09887828203246, -103.92725522666456, -108.58319536385572, -115.5618542455808, -121.2289303084027, -121.84483996024346, -119.36951541067705, -114.50292532703229, -106.0225761743803, -92.07962956967347, -57.68589358219911]}